mean_fit_time,std_fit_time,mean_score_time,std_score_time,param_batch_size,param_epochs,param_model__activation,param_model__dropout_rate,param_model__neurons_1,param_model__neurons_2,param_model__neurons_3,param_model__neurons_4,param_model__num_hidden_layers,param_model__optimizer,param_model__weight_constraint,params,split0_test_score,split1_test_score,split2_test_score,mean_test_score,std_test_score,rank_test_score,split0_train_score,split1_train_score,split2_train_score,mean_train_score,std_train_score
196.30354674657187,16.97601659844619,1.5112810929616292,0.19994263230805062,512,100,relu,0.3,256,256,512,1024,4,Adam,5.0,"{'batch_size': 512, 'epochs': 100, 'model__activation': 'relu', 'model__dropout_rate': 0.3, 'model__neurons_1': 256, 'model__neurons_2': 256, 'model__neurons_3': 512, 'model__neurons_4': 1024, 'model__num_hidden_layers': 4, 'model__optimizer': 'Adam', 'model__weight_constraint': 5.0}",0.6385454545454545,0.648,0.6593886462882096,0.648644700277888,0.008521400093980835,1,0.8748635867588214,0.8992360858493997,0.8912727272727273,0.8884574666269828,0.010147214637776854
315.13672550519306,20.59715411068925,0.5927355289459229,0.11815599941580716,512,100,relu,0.3,256,256,1024,1024,4,Adam,1.0,"{'batch_size': 512, 'epochs': 100, 'model__activation': 'relu', 'model__dropout_rate': 0.3, 'model__neurons_1': 256, 'model__neurons_2': 256, 'model__neurons_3': 1024, 'model__neurons_4': 1024, 'model__num_hidden_layers': 4, 'model__optimizer': 'Adam', 'model__weight_constraint': 1.0}",0.6254545454545455,0.6436363636363637,0.6499272197962155,0.6396727096290414,0.01037660388167146,2,0.9036013095671153,0.7999272462713715,0.908,0.8705095186128289,0.04994149908338649
280.1440056165059,39.17383032798198,0.7325312296549479,0.2666684260354201,512,100,relu,0.3,256,256,1024,1024,4,Adam,2.0,"{'batch_size': 512, 'epochs': 100, 'model__activation': 'relu', 'model__dropout_rate': 0.3, 'model__neurons_1': 256, 'model__neurons_2': 256, 'model__neurons_3': 1024, 'model__neurons_4': 1024, 'model__num_hidden_layers': 4, 'model__optimizer': 'Adam', 'model__weight_constraint': 2.0}",0.6327272727272727,0.6429090909090909,0.6397379912663755,0.638458118300913,0.004254089129115825,3,0.9014186977082576,0.8988723172062568,0.9076363636363637,0.9026424595169593,0.0036810616385851733
208.392187833786,1.950364158210926,1.302114725112915,0.2816356659219432,512,100,relu,0.3,256,256,512,1024,4,Adam,2.0,"{'batch_size': 512, 'epochs': 100, 'model__activation': 'relu', 'model__dropout_rate': 0.3, 'model__neurons_1': 256, 'model__neurons_2': 256, 'model__neurons_3': 512, 'model__neurons_4': 1024, 'model__num_hidden_layers': 4, 'model__optimizer': 'Adam', 'model__weight_constraint': 2.0}",0.6341818181818182,0.6363636363636364,0.6382823871906841,0.6362759472453795,0.0016751982141850904,4,0.8279374317933794,0.9014186977082576,0.8945454545454545,0.8746338613490305,0.0331383742090462
251.5881475607554,20.791467753160436,0.6511739095052084,0.16650342641725338,512,100,relu,0.3,256,256,1024,1024,4,Adam,5.0,"{'batch_size': 512, 'epochs': 100, 'model__activation': 'relu', 'model__dropout_rate': 0.3, 'model__neurons_1': 256, 'model__neurons_2': 256, 'model__neurons_3': 1024, 'model__neurons_4': 1024, 'model__num_hidden_layers': 4, 'model__optimizer': 'Adam', 'model__weight_constraint': 5.0}",0.624,0.64,0.6433770014556041,0.6357923338185346,0.008451642340342524,5,0.8821389596216807,0.9025100036376864,0.908,0.8975496544197891,0.011125111254421614
182.4396046002706,28.16803803723965,1.072223424911499,0.251659340536866,512,100,relu,0.3,256,256,512,1024,4,Adam,1.0,"{'batch_size': 512, 'epochs': 100, 'model__activation': 'relu', 'model__dropout_rate': 0.3, 'model__neurons_1': 256, 'model__neurons_2': 256, 'model__neurons_3': 512, 'model__neurons_4': 1024, 'model__num_hidden_layers': 4, 'model__optimizer': 'Adam', 'model__weight_constraint': 1.0}",0.6327272727272727,0.6429090909090909,0.6295487627365357,0.6350617087909665,0.00569864229568168,6,0.8719534376136777,0.8995998544925428,0.8912727272727273,0.8876086731263159,0.011580157199591445
197.47279493014017,13.890940363455766,1.5091655254364014,0.42488593585871115,512,100,relu,0.3,256,512,512,1024,4,Adam,1.0,"{'batch_size': 512, 'epochs': 100, 'model__activation': 'relu', 'model__dropout_rate': 0.3, 'model__neurons_1': 256, 'model__neurons_2': 512, 'model__neurons_3': 512, 'model__neurons_4': 1024, 'model__num_hidden_layers': 4, 'model__optimizer': 'Adam', 'model__weight_constraint': 1.0}",0.632,0.6356363636363637,0.6324599708879185,0.6333654448414273,0.0016167245558699336,7,0.9319752637322662,0.9359767188068389,0.9407272727272727,0.936226418422126,0.0035773526324713516
161.84368522961935,32.18381829016324,0.47437818845113117,0.33247792719614755,512,100,relu,0.3,256,512,512,1024,4,Adam,5.0,"{'batch_size': 512, 'epochs': 100, 'model__activation': 'relu', 'model__dropout_rate': 0.3, 'model__neurons_1': 256, 'model__neurons_2': 512, 'model__neurons_3': 512, 'model__neurons_4': 1024, 'model__num_hidden_layers': 4, 'model__optimizer': 'Adam', 'model__weight_constraint': 5.0}",0.6290909090909091,0.6334545454545455,0.6331877729257642,0.6319110758237396,0.0019971308079760955,8,0.9363404874499818,0.9276100400145507,0.9389090909090909,0.9342865394578744,0.004836056557779532
178.02797230084738,25.45619833868796,0.3074217637379964,0.18398438013723725,512,100,relu,0.3,256,512,1024,1024,4,Adam,2.0,"{'batch_size': 512, 'epochs': 100, 'model__activation': 'relu', 'model__dropout_rate': 0.3, 'model__neurons_1': 256, 'model__neurons_2': 512, 'model__neurons_3': 1024, 'model__neurons_4': 1024, 'model__num_hidden_layers': 4, 'model__optimizer': 'Adam', 'model__weight_constraint': 2.0}",0.6305454545454545,0.624,0.6331877729257642,0.6292444091570729,0.0038620661275905427,9,0.9508912331757002,0.9508912331757002,0.9516363636363636,0.9511396099959214,0.0003512578677358209
138.45094950993857,6.056098093768559,0.20284533500671387,0.14000556726600033,512,100,relu,0.3,256,512,1024,1024,4,Adam,5.0,"{'batch_size': 512, 'epochs': 100, 'model__activation': 'relu', 'model__dropout_rate': 0.3, 'model__neurons_1': 256, 'model__neurons_2': 512, 'model__neurons_3': 1024, 'model__neurons_4': 1024, 'model__num_hidden_layers': 4, 'model__optimizer': 'Adam', 'model__weight_constraint': 5.0}",0.6305454545454545,0.616,0.6368267831149927,0.6277907458868157,0.008722768619164496,10,0.9585303746817024,0.962895598399418,0.9625454545454546,0.9613238092088583,0.001980422096885256
185.183451573054,16.480965881892665,0.24393701553344727,0.14172917180837627,512,100,relu,0.3,256,512,1024,1024,4,Adam,1.0,"{'batch_size': 512, 'epochs': 100, 'model__activation': 'relu', 'model__dropout_rate': 0.3, 'model__neurons_1': 256, 'model__neurons_2': 512, 'model__neurons_3': 1024, 'model__neurons_4': 1024, 'model__num_hidden_layers': 4, 'model__optimizer': 'Adam', 'model__weight_constraint': 1.0}",0.6210909090909091,0.6341818181818182,0.61863173216885,0.624634819813859,0.006824991876032125,11,0.9425245543834122,0.9603492178974172,0.9541818181818181,0.9523518634875492,0.0073910399802365745
158.67592271169028,12.910642246813945,1.3555302619934082,0.45616127811663926,512,100,relu,0.3,256,512,512,1024,4,Adam,2.0,"{'batch_size': 512, 'epochs': 100, 'model__activation': 'relu', 'model__dropout_rate': 0.3, 'model__neurons_1': 256, 'model__neurons_2': 512, 'model__neurons_3': 512, 'model__neurons_4': 1024, 'model__num_hidden_layers': 4, 'model__optimizer': 'Adam', 'model__weight_constraint': 2.0}",0.6218181818181818,0.6181818181818182,0.6302765647743813,0.6234255215914605,0.005066779361333457,12,0.9308839578028374,0.9501636958894143,0.9414545454545454,0.9408340663822656,0.007883139005967266
228.52535955111185,28.678037204719807,1.410183588663737,0.43068847045022784,512,100,relu,0.1,256,512,512,1024,4,Adam,1.0,"{'batch_size': 512, 'epochs': 100, 'model__activation': 'relu', 'model__dropout_rate': 0.1, 'model__neurons_1': 256, 'model__neurons_2': 512, 'model__neurons_3': 512, 'model__neurons_4': 1024, 'model__num_hidden_layers': 4, 'model__optimizer': 'Adam', 'model__weight_constraint': 1.0}",0.6210909090909091,0.6058181818181818,0.6382823871906841,0.6217304926999251,0.013261170335775866,13,0.9963623135685704,0.9963623135685704,0.9989090909090909,0.9972112393487439,0.0012005623517694986
183.59658543268839,58.35393203501361,1.349774996439616,0.19560321908915784,512,100,relu,0.1,256,256,512,1024,4,Adam,2.0,"{'batch_size': 512, 'epochs': 100, 'model__activation': 'relu', 'model__dropout_rate': 0.1, 'model__neurons_1': 256, 'model__neurons_2': 256, 'model__neurons_3': 512, 'model__neurons_4': 1024, 'model__num_hidden_layers': 4, 'model__optimizer': 'Adam', 'model__weight_constraint': 2.0}",0.6174545454545455,0.6269090909090909,0.6200873362445415,0.6214836575360593,0.003984084361546211,14,0.9832666424154238,0.9876318661331394,0.9916363636363636,0.9875116240616423,0.0034179820504581368
200.3533318042755,52.818766628190694,1.031304121017456,0.10505081873658267,512,100,relu,0.1,256,256,512,1024,4,Adam,5.0,"{'batch_size': 512, 'epochs': 100, 'model__activation': 'relu', 'model__dropout_rate': 0.1, 'model__neurons_1': 256, 'model__neurons_2': 256, 'model__neurons_3': 512, 'model__neurons_4': 1024, 'model__num_hidden_layers': 4, 'model__optimizer': 'Adam', 'model__weight_constraint': 5.0}",0.618909090909091,0.6116363636363636,0.631004366812227,0.6205166071192272,0.007988240024329591,15,0.9807202619134231,0.9923608584939978,0.9876363636363636,0.9869058280145948,0.004780246430811331
336.34057625134784,39.13601187759389,2.2327374617258706,0.6521151535382559,512,100,relu,0.1,256,512,1024,1024,4,Adam,1.0,"{'batch_size': 512, 'epochs': 100, 'model__activation': 'relu', 'model__dropout_rate': 0.1, 'model__neurons_1': 256, 'model__neurons_2': 512, 'model__neurons_3': 1024, 'model__neurons_4': 1024, 'model__num_hidden_layers': 4, 'model__optimizer': 'Adam', 'model__weight_constraint': 1.0}",0.6305454545454545,0.6094545454545455,0.6208151382823872,0.6202717127607957,0.00861889764967598,16,0.9978173881411422,0.9989086940705711,0.9992727272727273,0.9986662698281469,0.0006183742836216999
281.6580566565196,36.521401080971785,1.032556374867757,0.20786338702235602,512,100,relu,0.1,256,256,1024,1024,4,Adam,2.0,"{'batch_size': 512, 'epochs': 100, 'model__activation': 'relu', 'model__dropout_rate': 0.1, 'model__neurons_1': 256, 'model__neurons_2': 256, 'model__neurons_3': 1024, 'model__neurons_4': 1024, 'model__num_hidden_layers': 4, 'model__optimizer': 'Adam', 'model__weight_constraint': 2.0}",0.6210909090909091,0.618909090909091,0.6193595342066958,0.619786511402232,0.0009405015643293936,17,0.9941797017097126,0.9934521644234267,0.9949090909090909,0.9941803190140767,0.0005947879072722578
175.92017436027527,9.097547368950814,1.2993505001068115,0.46638792035187854,512,100,relu,0.0,256,512,512,1024,4,Adam,2.0,"{'batch_size': 512, 'epochs': 100, 'model__activation': 'relu', 'model__dropout_rate': 0.0, 'model__neurons_1': 256, 'model__neurons_2': 512, 'model__neurons_3': 512, 'model__neurons_4': 1024, 'model__num_hidden_layers': 4, 'model__optimizer': 'Adam', 'model__weight_constraint': 2.0}",0.6145454545454545,0.6050909090909091,0.6317321688500728,0.6171228441621455,0.011027885361391153,18,0.9996362313568571,0.9989086940705711,0.9996363636363637,0.999393763021264,0.0003429955486291716
297.3179660638173,26.20904809862434,1.4139513969421387,0.5974914562049264,512,100,relu,0.1,256,256,1024,1024,4,Adam,1.0,"{'batch_size': 512, 'epochs': 100, 'model__activation': 'relu', 'model__dropout_rate': 0.1, 'model__neurons_1': 256, 'model__neurons_2': 256, 'model__neurons_3': 1024, 'model__neurons_4': 1024, 'model__num_hidden_layers': 4, 'model__optimizer': 'Adam', 'model__weight_constraint': 1.0}",0.6123636363636363,0.618909090909091,0.616448326055313,0.6159070177760134,0.0026994449789517665,19,0.9654419789014187,0.9945434703528556,0.9927272727272727,0.984237573993849,0.013311159218558835
327.72307928403217,50.46819417138401,1.4815270900726318,0.15985173277885417,512,100,relu,0.1,256,256,1024,1024,4,Adam,5.0,"{'batch_size': 512, 'epochs': 100, 'model__activation': 'relu', 'model__dropout_rate': 0.1, 'model__neurons_1': 256, 'model__neurons_2': 256, 'model__neurons_3': 1024, 'model__neurons_4': 1024, 'model__num_hidden_layers': 4, 'model__optimizer': 'Adam', 'model__weight_constraint': 5.0}",0.6232727272727273,0.6021818181818182,0.6200873362445415,0.615180627233029,0.009283083416013315,20,0.9949072389959985,0.9927246271371408,0.9967272727272727,0.9947863796201374,0.0016363064447306667
283.15851283073425,28.305069238179126,2.3452887535095215,0.33672894736905445,512,100,relu,0.0,256,256,1024,1024,4,Adam,2.0,"{'batch_size': 512, 'epochs': 100, 'model__activation': 'relu', 'model__dropout_rate': 0.0, 'model__neurons_1': 256, 'model__neurons_2': 256, 'model__neurons_3': 1024, 'model__neurons_4': 1024, 'model__num_hidden_layers': 4, 'model__optimizer': 'Adam', 'model__weight_constraint': 2.0}",0.6123636363636363,0.6145454545454545,0.6179039301310044,0.6149376736800317,0.002278755602564817,21,0.9992724627137141,0.9989086940705711,1.0,0.9993937189280951,0.00045369921023085595
199.87851508458456,50.32946727756889,1.7047127882639568,0.29149700722416005,512,100,relu,0.1,256,512,512,1024,4,Adam,2.0,"{'batch_size': 512, 'epochs': 100, 'model__activation': 'relu', 'model__dropout_rate': 0.1, 'model__neurons_1': 256, 'model__neurons_2': 512, 'model__neurons_3': 512, 'model__neurons_4': 1024, 'model__num_hidden_layers': 4, 'model__optimizer': 'Adam', 'model__weight_constraint': 2.0}",0.6087272727272727,0.6116363636363636,0.62372634643377,0.6146966609324688,0.006494465216302581,22,0.9959985449254274,0.9974536194979993,0.9989090909090909,0.9974537517775058,0.001188225425828587
181.37735931078592,20.077969573551346,2.376192808151245,0.4053613923777895,512,100,relu,0.1,256,256,512,1024,4,Adam,1.0,"{'batch_size': 512, 'epochs': 100, 'model__activation': 'relu', 'model__dropout_rate': 0.1, 'model__neurons_1': 256, 'model__neurons_2': 256, 'model__neurons_3': 512, 'model__neurons_4': 1024, 'model__num_hidden_layers': 4, 'model__optimizer': 'Adam', 'model__weight_constraint': 1.0}",0.6116363636363636,0.6181818181818182,0.6084425036390102,0.6127535618190639,0.0040537769035398265,23,0.991269552564569,0.9832666424154238,0.9894545454545455,0.9879969134781793,0.0034258975415420788
341.24330139160156,33.07906058524708,2.636284669240316,0.25658715776484914,512,100,relu,0.1,256,512,1024,1024,4,Adam,2.0,"{'batch_size': 512, 'epochs': 100, 'model__activation': 'relu', 'model__dropout_rate': 0.1, 'model__neurons_1': 256, 'model__neurons_2': 512, 'model__neurons_3': 1024, 'model__neurons_4': 1024, 'model__num_hidden_layers': 4, 'model__optimizer': 'Adam', 'model__weight_constraint': 2.0}",0.6007272727272728,0.6087272727272727,0.6259097525473072,0.611788099333951,0.010506055939590968,24,0.9970898508548564,0.9989086940705711,0.9974545454545455,0.9978176967933243,0.000785687313537467
303.4634618759155,28.453530543758312,1.438539187113444,0.27993537275164,512,100,relu,0.0,256,512,1024,1024,4,Adam,1.0,"{'batch_size': 512, 'epochs': 100, 'model__activation': 'relu', 'model__dropout_rate': 0.0, 'model__neurons_1': 256, 'model__neurons_2': 512, 'model__neurons_3': 1024, 'model__neurons_4': 1024, 'model__num_hidden_layers': 4, 'model__optimizer': 'Adam', 'model__weight_constraint': 1.0}",0.6101818181818182,0.6,0.6244541484716157,0.6115453222178113,0.010029812288375888,25,0.9989086940705711,0.9992724627137141,0.9978181818181818,0.9986664462008225,0.0006179246197694794
203.3423088391622,0.18890895076266345,1.5076647599538167,0.20124337722101213,512,100,relu,0.0,256,512,512,1024,4,Adam,5.0,"{'batch_size': 512, 'epochs': 100, 'model__activation': 'relu', 'model__dropout_rate': 0.0, 'model__neurons_1': 256, 'model__neurons_2': 512, 'model__neurons_3': 512, 'model__neurons_4': 1024, 'model__num_hidden_layers': 4, 'model__optimizer': 'Adam', 'model__weight_constraint': 5.0}",0.6065454545454545,0.6174545454545455,0.6106259097525473,0.6115419699175157,0.004500477069903028,26,0.9989086940705711,0.9890869407057111,0.9974545454545455,0.9951500600769426,0.004328178942058962
338.6260012785594,34.943054185864185,1.533889611562093,0.7479005162763295,512,100,relu,0.1,256,512,1024,1024,4,Adam,5.0,"{'batch_size': 512, 'epochs': 100, 'model__activation': 'relu', 'model__dropout_rate': 0.1, 'model__neurons_1': 256, 'model__neurons_2': 512, 'model__neurons_3': 1024, 'model__neurons_4': 1024, 'model__num_hidden_layers': 4, 'model__optimizer': 'Adam', 'model__weight_constraint': 5.0}",0.6123636363636363,0.6,0.6215429403202329,0.6113021922279565,0.008826836622866152,27,0.9978173881411422,0.9981811567842852,0.9992727272727273,0.9984237573993848,0.0006184088673446846
270.3597825368245,8.197361657361713,1.8300158977508545,0.8972868452661178,512,100,relu,0.0,256,512,1024,1024,4,Adam,5.0,"{'batch_size': 512, 'epochs': 100, 'model__activation': 'relu', 'model__dropout_rate': 0.0, 'model__neurons_1': 256, 'model__neurons_2': 512, 'model__neurons_3': 1024, 'model__neurons_4': 1024, 'model__num_hidden_layers': 4, 'model__optimizer': 'Adam', 'model__weight_constraint': 5.0}",0.6116363636363636,0.5992727272727273,0.6179039301310044,0.6096043403466984,0.007740683388171649,28,0.9992724627137141,0.9989086940705711,0.9981818181818182,0.9987876583220344,0.000453404611839858
203.14366936683655,0.12487448030159397,1.7698187828063965,0.7701352621292146,512,100,relu,0.0,256,256,512,1024,4,Adam,5.0,"{'batch_size': 512, 'epochs': 100, 'model__activation': 'relu', 'model__dropout_rate': 0.0, 'model__neurons_1': 256, 'model__neurons_2': 256, 'model__neurons_3': 512, 'model__neurons_4': 1024, 'model__num_hidden_layers': 4, 'model__optimizer': 'Adam', 'model__weight_constraint': 5.0}",0.618909090909091,0.5963636363636363,0.6128093158660844,0.6093606810462706,0.0095217012399961,29,0.9992724627137141,0.9989086940705711,0.9934545454545455,0.9972119007462769,0.002660998684411558
195.8810976346334,16.084255986765104,0.9474778970082601,0.19438114279283997,512,100,relu,0.1,256,512,512,1024,4,Adam,5.0,"{'batch_size': 512, 'epochs': 100, 'model__activation': 'relu', 'model__dropout_rate': 0.1, 'model__neurons_1': 256, 'model__neurons_2': 512, 'model__neurons_3': 512, 'model__neurons_4': 1024, 'model__num_hidden_layers': 4, 'model__optimizer': 'Adam', 'model__weight_constraint': 5.0}",0.6,0.5963636363636363,0.62882096069869,0.6083948656874422,0.014519522562865978,30,0.9887231720625682,0.9945434703528556,0.9956363636363637,0.9929676686839292,0.0030342948229468
235.86189047495523,24.786342628288402,2.3150112628936768,0.9128740154725627,512,100,relu,0.0,256,256,1024,1024,4,Adam,1.0,"{'batch_size': 512, 'epochs': 100, 'model__activation': 'relu', 'model__dropout_rate': 0.0, 'model__neurons_1': 256, 'model__neurons_2': 256, 'model__neurons_3': 1024, 'model__neurons_4': 1024, 'model__num_hidden_layers': 4, 'model__optimizer': 'Adam', 'model__weight_constraint': 1.0}",0.6,0.5992727272727273,0.6215429403202329,0.60693855586432,0.010331126605459212,31,0.9992724627137141,0.9989086940705711,0.9996363636363637,0.9992725068068831,0.00029706985789352733
229.45037388801575,24.324922568679963,1.4648864269256592,0.39525769660704935,512,100,relu,0.0,256,256,1024,1024,4,Adam,5.0,"{'batch_size': 512, 'epochs': 100, 'model__activation': 'relu', 'model__dropout_rate': 0.0, 'model__neurons_1': 256, 'model__neurons_2': 256, 'model__neurons_3': 1024, 'model__neurons_4': 1024, 'model__num_hidden_layers': 4, 'model__optimizer': 'Adam', 'model__weight_constraint': 5.0}",0.6087272727272727,0.5985454545454545,0.6135371179039302,0.6069366150588857,0.006249924465009167,32,0.9974536194979993,0.9978173881411422,0.9996363636363637,0.998302457091835,0.000954833985076542
203.44689202308655,0.3733042749658943,1.9155834515889485,0.6764886039969347,512,100,relu,0.0,256,512,512,1024,4,Adam,1.0,"{'batch_size': 512, 'epochs': 100, 'model__activation': 'relu', 'model__dropout_rate': 0.0, 'model__neurons_1': 256, 'model__neurons_2': 512, 'model__neurons_3': 512, 'model__neurons_4': 1024, 'model__num_hidden_layers': 4, 'model__optimizer': 'Adam', 'model__weight_constraint': 1.0}",0.6050909090909091,0.5956363636363636,0.6179039301310044,0.606210400952759,0.009125096380125654,33,0.9992724627137141,0.9992724627137141,1.0,0.999514975142476,0.00034296436579923104
268.8294425010681,5.097843733989343,1.9694404602050781,0.3070365711637381,512,100,relu,0.0,256,512,1024,1024,4,Adam,2.0,"{'batch_size': 512, 'epochs': 100, 'model__activation': 'relu', 'model__dropout_rate': 0.0, 'model__neurons_1': 256, 'model__neurons_2': 512, 'model__neurons_3': 1024, 'model__neurons_4': 1024, 'model__num_hidden_layers': 4, 'model__optimizer': 'Adam', 'model__weight_constraint': 2.0}",0.6072727272727273,0.5941818181818181,0.6171761280931587,0.6062102245159015,0.009417404318809247,34,0.9996362313568571,0.9989086940705711,1.0,0.9995149751424761,0.0004536992102308559
188.07731318473816,21.769319375091555,1.4704710642496746,0.45034295635816757,512,100,relu,0.0,256,256,512,1024,4,Adam,2.0,"{'batch_size': 512, 'epochs': 100, 'model__activation': 'relu', 'model__dropout_rate': 0.0, 'model__neurons_1': 256, 'model__neurons_2': 256, 'model__neurons_3': 512, 'model__neurons_4': 1024, 'model__num_hidden_layers': 4, 'model__optimizer': 'Adam', 'model__weight_constraint': 2.0}",0.5949090909090909,0.6021818181818182,0.6200873362445415,0.6057260817784834,0.010580087046743986,35,0.9989086940705711,0.9952710076391416,1.0,0.9980599005699041,0.0020217451195019887
153.75321809450784,36.5952824432776,1.890882174173991,0.7569354769356851,512,100,relu,0.0,256,256,512,1024,4,Adam,1.0,"{'batch_size': 512, 'epochs': 100, 'model__activation': 'relu', 'model__dropout_rate': 0.0, 'model__neurons_1': 256, 'model__neurons_2': 256, 'model__neurons_3': 512, 'model__neurons_4': 1024, 'model__num_hidden_layers': 4, 'model__optimizer': 'Adam', 'model__weight_constraint': 1.0}",0.5927272727272728,0.592,0.61863173216885,0.6011196682987077,0.012386458120300033,36,0.9985449254274281,0.9989086940705711,0.9974545454545455,0.9983027216508482,0.0006178640904570638
